payload_kg,mass_scale,noise_rad,PD_rms,CTC_rms,paired_difference
0.61246436,0.92951907,0.00178424,0.00503116,0.00805458,-0.00302342
0.25797658,0.98834685,0.00266462,0.00268738,0.00658235,-0.00389497
1.19561160,0.98078014,0.00106748,0.00335772,0.00927928,-0.00592156
0.07790328,1.10694876,0.00398600,0.00944848,0.01062135,-0.00117287
1.31842886,0.87124040,0.00288192,0.00911758,0.01532861,-0.00621102
1.48625472,0.91792730,0.00357014,0.00614384,0.01020101,-0.00405716
1.09649980,1.08916639,0.00102444,0.00857124,0.02296120,-0.01438996
1.22800507,1.12892185,0.00201964,0.01148251,0.03016769,-0.01868518
1.22976056,0.89937239,0.00220397,0.00716887,0.01171819,-0.00454932
0.78851297,0.90267774,0.00129082,0.00680939,0.01058710,-0.00377771
1.31136173,0.96572218,0.00350605,0.00366978,0.00870291,-0.00503313
0.05345871,1.08783890,0.00200946,0.00812348,0.00881514,-0.00069166
1.11407718,0.86655126,0.00205595,0.00934959,0.01546987,-0.00612028
0.46359885,1.06066368,0.00232331,0.00643259,0.01430790,-0.00787531
1.25502294,0.89181295,0.00347067,0.00776544,0.01279766,-0.00503222
1.67727205,1.06215691,0.00413125,0.00705041,0.02069422,-0.01364381
0.22507098,1.12613646,0.00289206,0.01093310,0.01659795,-0.00566485
0.16193499,1.13347080,0.00400665,0.01151108,0.01542702,-0.00391594
0.64783863,0.88530175,0.00102322,0.00795094,0.01190777,-0.00395683
1.51790609,0.90001940,0.00375733,0.00726809,0.01211053,-0.00484244
